classes,glagoli
am,40.07411040270285
im,28.085662906653585
jem,18.336875374638982
em,13.503351316004577
total,100.0
